Tech field,a,c,Alpha,Beta,gr,lr,wr
1,495157.6153,99557.26389,0.003454,139.232827,0.714,0.0061,0.666
2,484719.8923,106381.2571,0.134591,5310.505624,0.68,0.0127,0.583
3,414135.6143,54508.63485,0.02778,1199.817272,0.605,0.0266,0.636
4,474298.987,102379.0974,0.052761,1991.717119,0.809,0.0127,0.614
5,472187.1533,101723.3894,0.026709,1000.906808,0.736,0.0201,0.478
6,492931.7901,99220.71102,0.050873,2292.312773,0.626,0.0234,0.566
